<?xml version="1.0" encoding="utf-8"?>
<!--/894454/261166/2.50/4/4/Bridge Rectifier/-->
<quadcept_library>
  <setting unit="mil" />
  <textstyle name="Default" height="47.244094488189" strokewidth="7.8740157480315" charwidth="47.244094488189" />
  <textstyle name="Dimension" height="19.6850393700787" strokewidth="0" charwidth="19.6850393700787" />
  <textstyle name="H127W0635TH00762" height="50" strokewidth="3" charwidth="25" />
  <textstyle name="H15W15TH02" height="59.0551181102362" strokewidth="7.8740157480315" charwidth="59.0551181102362" />
  <padstyle name="c200_h127" surface="False" plated="True" isvia="False" nopaste="True" nomask="True" complex="False" holesize="49.999999999999">
    <padshape layer="TOP" shape="round" width="78.740157480314" height="78.740157480314" />
    <padshape layer="TOP_SOLDER_MASK" shape="round" width="86.614173228345" height="86.614173228345" />
    <padshape layer="INNER" shape="round" width="78.740157480314" height="78.740157480314" />
    <padshape layer="BOTTOM" shape="round" width="78.740157480314" height="78.740157480314" />
    <padshape layer="BOTTOM_SOLDER_MASK" shape="round" width="86.614173228345" height="86.614173228345" />
  </padstyle>
  <footprint name="KBPCW" originx="0" originy="0" pickpointx="0" pickpointy="0">
    <pcbpin number="1" name="1" style="c200_h127" originx="-356.29921259842" originy="356.29921259842" rotation="90" />
    <pcbpin number="2" name="2" style="c200_h127" originx="-356.29921259842" originy="-356.29921259842" rotation="90" />
    <pcbpin number="3" name="3" style="c200_h127" originx="356.29921259842" originy="-356.29921259842" rotation="90" />
    <pcbpin number="4" name="4" style="c200_h127" originx="53.149606299212" originy="356.29921259842" rotation="90" />
    <line layer="TOP_ASSEMBLY" originx="-566.92913385826" originy="566.92913385826" endx="566.92913385826" endy="566.92913385826" width="9.9999999999999" />
    <line layer="TOP_ASSEMBLY" originx="566.92913385826" originy="566.92913385826" endx="566.92913385826" endy="-566.92913385826" width="9.9999999999999" />
    <line layer="TOP_ASSEMBLY" originx="566.92913385826" originy="-566.92913385826" endx="-566.92913385826" endy="-566.92913385826" width="9.9999999999999" />
    <line layer="TOP_ASSEMBLY" originx="-566.92913385826" originy="-566.92913385826" endx="-566.92913385826" endy="566.92913385826" width="9.9999999999999" />
    <line layer="TOP_SILKSCREEN" originx="-566.92913385826" originy="566.92913385826" endx="-566.92913385826" endy="-566.92913385826" width="9.9999999999999" />
    <line layer="TOP_SILKSCREEN" originx="-566.92913385826" originy="-566.92913385826" endx="566.92913385826" endy="-566.92913385826" width="9.9999999999999" />
    <line layer="TOP_SILKSCREEN" originx="566.92913385826" originy="-566.92913385826" endx="566.92913385826" endy="566.92913385826" width="9.9999999999999" />
    <line layer="TOP_SILKSCREEN" originx="566.92913385826" originy="566.92913385826" endx="-566.92913385826" endy="566.92913385826" width="9.9999999999999" />
    <arc layer="TOP_SILKSCREEN" originx="-609.17322834645" originy="360.94488188976" startangle="180" sweepangle="180" radius="6.4960629921259" width="9.9999999999999" />
    <arc layer="TOP_SILKSCREEN" originx="-609.17322834645" originy="360.94488188976" startangle="180" sweepangle="-180" radius="6.4960629921259" width="9.9999999999999" />
  </footprint>
  <symbol name="KBPC3510W" originx="0" originy="0">
    <line originx="200" originy="100" endx="800" endy="100" width="0" />
    <line originx="800" originy="-200" endx="800" endy="100" width="0" />
    <line originx="800" originy="-200" endx="200" endy="-200" width="0" />
    <line originx="200" originy="100" endx="200" endy="-200" width="0" />
    <sympin number="1" originx="800" originy="0" rotation="0" length="100" width="7.8740157480315" flipped="False">
      <text name="pinname" originx="770" originy="0" style="Default" rotation="0" justify="right" flipped="False" hidden="False" data="~_1" />
      <text name="pindes" originx="860" originy="20" style="Default" rotation="0" justify="lowerleft" flipped="False" hidden="False" data="1" />
    </sympin>
    <sympin number="2" originx="200" originy="0" rotation="180" length="100" width="7.8740157480315" flipped="False">
      <text name="pinname" originx="230" originy="0" style="Default" rotation="0" justify="left" flipped="False" hidden="False" data="-" />
      <text name="pindes" originx="140" originy="20" style="Default" rotation="0" justify="lowerright" flipped="False" hidden="False" data="2" />
    </sympin>
    <sympin number="3" originx="200" originy="-100" rotation="180" length="100" width="7.8740157480315" flipped="False">
      <text name="pinname" originx="230" originy="-100" style="Default" rotation="0" justify="left" flipped="False" hidden="False" data="~_2" />
      <text name="pindes" originx="140" originy="-80" style="Default" rotation="0" justify="lowerright" flipped="False" hidden="False" data="3" />
    </sympin>
    <sympin number="4" originx="800" originy="-100" rotation="0" length="100" width="7.8740157480315" flipped="False">
      <text name="pinname" originx="770" originy="-100" style="Default" rotation="0" justify="right" flipped="False" hidden="False" data="+" />
      <text name="pindes" originx="860" originy="-80" style="Default" rotation="0" justify="lowerleft" flipped="False" hidden="False" data="4" />
    </sympin>
  </symbol>
  <component name="KBPC3510W" designatorprefix="BR" height="0" footprint="KBPCW">
    <comppin designator="1" sympin="1" pinswap="0" gateswap="0" gate="1" group="1" side="" type="Any" name="~_1" />
    <comppin designator="2" sympin="2" pinswap="0" gateswap="0" gate="1" group="1" side="" type="Any" name="-" />
    <comppin designator="3" sympin="3" pinswap="0" gateswap="0" gate="1" group="1" side="" type="Any" name="~_2" />
    <comppin designator="4" sympin="4" pinswap="0" gateswap="0" gate="1" group="1" side="" type="Any" name="+" />
    <attached_symbol gate="1" name="KBPC3510W" />
    <pinmap designator="1" footprintpin="1" />
    <pinmap designator="2" footprintpin="2" />
    <pinmap designator="3" footprintpin="3" />
    <pinmap designator="4" footprintpin="4" />
    <text name="Datasheet" originx="0" originy="0" style="Default" rotation="0" justify="" flipped="False" hidden="True" data="http://www.mouser.com/datasheet/2/169/kbpc3506tw_thru_kbpc3510tw-270334.pdf" />
    <text name="Description" originx="0" originy="0" style="Default" rotation="0" justify="" flipped="False" hidden="True" data="Bridge Rectifiers 1000V 35A Standard" />
    <text name="Manufacturer_Name" originx="0" originy="0" style="Default" rotation="0" justify="" flipped="False" hidden="True" data="GeneSiC Semiconductor" />
    <text name="Manufacturer_Part_Number" originx="850" originy="200" style="Default" rotation="0" justify="left" flipped="False" hidden="False" data="KBPC3510W" />
    <text name="Mouser Part Number" originx="0" originy="0" style="Default" rotation="0" justify="" flipped="False" hidden="True" data="905-KBPC3510W" />
    <text name="Mouser Price/Stock" originx="0" originy="0" style="Default" rotation="0" justify="" flipped="False" hidden="True" data="https://www.mouser.co.uk/ProductDetail/GeneSiC-Semiconductor/KBPC3510W?qs=PqIQM5sBnRUmuCaxYyxxnw%3D%3D" />
    <text name="Arrow Part Number" originx="0" originy="0" style="Default" rotation="0" justify="" flipped="False" hidden="True" data="" />
    <text name="Arrow Price/Stock" originx="0" originy="0" style="Default" rotation="0" justify="" flipped="False" hidden="True" data="" />
  </component>
</quadcept_library>
